question,answer,context
What is PMS Invoice Software?,"A complete GST solution designed for billing, accounting, and e-waybill management. Offered in desktop and online versions. Allows for unlimited return filing for unlimited customers. Highly secure. Cloud-based access available.","Billing and Accounting Software, GST Compliance, Business Management"
What features does PMS Invoice Software have?,"Invoice creation, quotation generation, proforma invoice creation, purchase order management, inward entry management, inventory management, payment tracking, reporting, GST compliance","Billing and Accounting Software, GST Compliance, Business Management"
What is Dynode Software's GST software?,A billing and accounting software designed for GST compliance. Customizable for different businesses. Allows for sending bills via email and SMS. Available in Patna.,"Software Development, Business Solutions, Patna-based Company"
What is Dynode Software's GST accounting and billing software?,"Offers features like invoice creation, quotation generation, proforma invoice creation, purchase order management, inward entry management, and various reports. Easy to understand and use. Creates master files automatically.","Software Development, Business Solutions, Patna-based Company"
What is Dynode Software's GST return filing software?,"Used for GST return filing by chartered accountants, tax professionals, and corporates. Prepares GST annual return, audit report, and reconciliation. Trusted by thousands of clients. Available in Patna.","Software Development, Business Solutions, Patna-based Company"
What is Dynode Software's PMS ERP FMCG Software Solution?,An ERP software designed for Fast Moving Consumer Goods (FMCG) businesses. Helps manage stock based on daily sales. Provides insights to customers for better decision-making. Available in Patna.,"Software Development, Business Solutions, Patna-based Company"
What are the features of Dynode Software PMS ERP FMCG Software Solution?,Creates a central database for all transactions. Reduces human errors. Provides comprehensive information across all departments. Generates analytical reports. Tracks stock (in and out). Cloud-based for remote access.,"Software Development, Business Solutions, Patna-based Company"
What are the benefits of Dynode Software PMS ERP FMCG Software Solution?,Provides a complete information base for all transactions. Offers a comprehensive view of the business. Reduces human errors. Provides analytical reports for better decision-making. Helps track stock effectively.,"Software Development, Business Solutions, Patna-based Company"
What is Dynode Software PMS Inventory Software?,"An inventory management application that tracks business purchases and warehouse inventory. Supports barcode systems. Features include point-by-point inventory tracking, customizable interface, email alerts, complete inventory management, stock transfers, report generation, multi-currency conversion, and more.","Software Development, Business Solutions, Patna-based Company"
What is Inventory Management Software?,An application for managing stock levels to meet production and sales needs. Helps businesses maintain uninterrupted production activities and avoid stockouts. Available from Dynode Software.,"Stock Control, Business Inventory, Warehouse Management"
What is Dynode Software PMS Inventory Control Software?,"Inventory management software that keeps businesses organized and manages paperwork. Tracks inventory from purchase to sale. Features include item and client management, issuing receipts and creating purchase orders, unit conversions, automatic stock updates, barcode scanning for stock control, and more.","Software Development, Business Solutions, Patna-based Company"
What is Dynode Software PMS Account with Inventory Software?,"An inventory management application suitable for small and medium-sized businesses. Offers features like purchase order management, complete inventory tracking with barcode, sales and shipping order management, warehouse scheduling, automatic stock report generation, sales quotations, and more.","Software Development, Business Solutions, Patna-based Company"
What is Dynode Software PMS Billing and Inventory Software?,"A program for inventory control and management suitable for small businesses. Features a user-friendly interface with a simple plan. Manages accounting, distribution, and manufacturing departments.","Software Development, Business Solutions, Patna-based Company"
What is Dynode Software?,"A software development company located in Patna, India. Offers a variety of software solutions including accounting, billing, inventory management, and GST compliance software.","Software Development, Business Solutions, Patna-based Company"
How can I contact Dynode Software?,By phone: +91-7979078552 or +91-9431047956 By email: corp@dynodesoft,"Software Development, Business Solutions, Patna-based Company"
What are the features of Dynode Software PMS Inventory Software?,"Provides comprehensive inventory management features like point-by-point tracking, customizable interface, email alerts, multi-currency conversion, and stock transfers.","Software Development, Business Solutions, Patna-based Company"
What does the PMS Account with Inventory Software offer?,"Offers functionalities like purchase order management, complete inventory tracking with barcode, warehouse scheduling, and automatic stock report generation for small and medium businesses.","Business Software, Enterprise Solutions, Management Tools"
What is the purpose of Dynode Software's Billing and Inventory Software?,"Caters to small businesses with a user-friendly interface and features that manage accounting, distribution, and manufacturing departments.","Software Development, Business Solutions, Patna-based Company"
What are the features of PMS ERP FMCG Software Solution?,"Designed for FMCG businesses, it helps manage stock based on daily sales, provides customer insights for better decision-making, and tracks stock movement (in and out).","Enterprise Resource Planning, FMCG Sector, Business Intelligence"
What does the PMS ERP Software for Pharma Retail Business provide?,Caters to pharma retail businesses by allowing efficient stock management and sales tracking.,"Pharmaceutical Retail, ERP Solutions, Healthcare Management"
How does the PMS ERP Software for Supermarket help businesses?,"Assists in managing supermarkets with features for online accounting, inventory control, and sales management.","Retail Management, Supermarket Operations, Inventory Control"
What are the benefits of PMS ERP Software for Tiles Business?,"Manages marble, granite, tile, and brick businesses with streamlined inventory tracking, sales processing, and overall operations.","Business Software, Enterprise Solutions, Management Tools"
What does PMS ERP Jewellery Management Software offer?,"Focuses on jewelry businesses with features like barcode management for stock control, sales processing, and customer relationship management.","Business Software, Enterprise Solutions, Management Tools"
What features does the GST Accounting and Billing Software include?,"Provides features like invoice creation, quotation generation, and report generation, ensuring GST compliance for various business models.","Taxation, Accounting Compliance, Business Reporting"
What is the purpose of the Digital DCR software?,"Caters to field forces by facilitating real-time tracking, expense management, and report generation.","Digital Transformation, Business Technology, Operational Optimization"
What are the features of the Digital TMS software?,Helps manage transportation fleets by optimizing routes and deliveries.,"Digital Transformation, Business Technology, Operational Optimization"
What does the LHMS software do?,"Designed for hospitals and clinics, it aids in record digitization, appointment management, and reporting.","Business Software, Enterprise Solutions, Management Tools"
What are the advantages of choosing Dynode Software?,"Dynode Software offers scalability for businesses of all sizes, customization for specific industry needs, affordability, cloud-based access for remote operations, and customer support via phone and email.","Software Development, Business Solutions, Patna-based Company"
How can you contact Dynode Software?,"Phone: +91-7979078552 or +91-9431047956, Email: corp@dynodesoft.com or dynodecorp@gmail.com.","Software Development, Business Solutions, Patna-based Company"
What are all the serives offered by Dynode Software ?,"Phone: +91-7979078552 or +91-9431047956, Email: corp@dynodesoft.com or dynodecorp@gmail.com.","Software Development, Business Solutions, Patna-based Company"
Why is PMS ERP suitable for Grocery/Kirana stores?,"Efficient inventory management Quick and accurate billing with barcode scanning Support for discounts, offers, and promotions at the point of sale Streamlined tax reporting Focus on simplifying complex operational processes","Business Software, Enterprise Solutions, Management Tools"
What does FMCG Billing Software provide?,"It offers end-to-end distribution management, including sales, purchase, finance, CRM, product management, and supply chain management, transitioning organizations from chaotic to data-driven operations.","Business Software, Enterprise Solutions, Management Tools"
What features does PMS Apparel Management Software include?,"Supports garment manufacturers with cloud-based ERP solutions, enabling simultaneous invoicing, production management, and seamless integration across departments.","Business Software, Enterprise Solutions, Management Tools"
What does Restaurant Invoice Software facilitate?,"Integrates modules like CRM, HR, and finance into a unified system for seamless reporting, ensuring real-time data sharing across all functionalities.","Business Software, Enterprise Solutions, Management Tools"
What is the role of Retail Billing Software?,"Manages payments, tracks inventory value, monitors sales performance by product and location, and centralizes accounting data for accurate decision-making.","Business Software, Enterprise Solutions, Management Tools"
Why choose PMS ERP for Grocery/Kirana Stores?,"Simplifies operations with barcode-based billing, multiple payment modes, discount integration, and streamlined inventory management.","Business Software, Enterprise Solutions, Management Tools"
What services does Dynode Software offer for election campaigns?,"Includes social media marketing, Facebook and YouTube ad campaign management, WhatsApp marketing, voice broadcasting, graphic and video design, and website development.","Software Development, Business Solutions, Patna-based Company"
What are the key features of the Digital TMS software?,Manages transportation fleets with features like route optimization and delivery tracking.,"Digital Transformation, Business Technology, Operational Optimization"
What does LHMS Hospital Management Software do?,"Helps hospitals manage patient records, appointments, and reporting efficiently through digitized solutions.","Business Software, Enterprise Solutions, Management Tools"
What does Dynode Software offer for small businesses?,"Provides accounting software solutions that save time and ensure accurate financial tracking, invoicing, and compliance.","Software Development, Business Solutions, Patna-based Company"
What features are available in the PMS ERP Supermarket Accounting Software?,"Includes tools for stock management, billing, and inventory optimization, tailored for supermarket operations.","Retail Management, Supermarket Operations, Inventory Control"
What does the PMS ERP Software for Tiles Business include?,"Specifically designed for the tiles and construction material industry, offering inventory and billing solutions.","Business Software, Enterprise Solutions, Management Tools"
What advantages does Dynode Software provide?,"Delivers scalable, customizable, cloud-based solutions for various industries, ensuring affordability and robust customer support.","Software Development, Business Solutions, Patna-based Company"
